Workbook

Sheet Sheet Tổng hợp điểm
B1: ĐIỂM THI HK1-2018-2019 (CT428)
B2: Ma CB | C2: 1043 | D2: Ho va ten | F2: Nguyen Minh Trung
B3: Ma MH | C3: CT428 | D3: Ma NH | F3: 8
B4: Nam hoc | C4: 2020-2021 | D4: Hoc ky | F4: 1
A6: STT | B6: Mã SV | C6: Họ và Tên | D6: Điểm TH 1 | E6: Điểm TH 2 | F6: Điểm TH 3 | G6: Điểm BT lớn | H6: Điểm LT | I6: Điểm tổng | J6: Điểm theo thang điểm 10 | K6: Điểm chữ
A7: 1 | B7: 0B1505719 | C7: =VLOOKUP(RIGHT(B7, 8), [1]Sheet1!$B$14:$C$27, 2, 0) -> Nguyễn Văn Hiếu | D7: =VLOOKUP(RIGHT(B7, 8),'[2]Điểm thực hành các buổi'!$B$3:$F$16, 3, 0) -> 0.45 | E7: =VLOOKUP(RIGHT(B7, 8), '[2]Điểm thực hành các buổi'!$B$3:$F$16, 4, 0) -> 0.25 | F7: =VLOOKUP(RIGHT(B7, 8), '[2]Điểm thực hành các buổi'!$B$3:$F$16, 5, 0) -> 0.3 | G7: =VLOOKUP(RIGHT(B7, 8), '[3]Điểm thực hành các buổi'!$B$3:$D$16, 3, 0) -> 0.5 | H7: =VLOOKUP(RIGHT(B7, 8), '[4]Điểm thực hành các buổi'!$B$3:$D$16, 3, 0) -> 4.2 | I7: {=ROUND(IF(H7:H20=-3, 0, D7:D20 + E7:E20 + F7:F20 + G7:G20 + 0.6*H7:H20), 1)} -> 4 | J7: {=ROUND(IF((G7:G20=0) + (VALUE(LEFT(B7:B20, 1))>2), 0, I7:I20 + VLOOKUP(VALUE(LEFT(B7:B20, 1)), [1]Sheet1!$E$3:$F$5, 2, 0)), 1)} -> 5 | K7: {=VLOOKUP(_xlfn.ANCHORARRAY(J7), [1]Sheet1!$A$3:$B$10, 2, 1)} -> D+
A8: 2 | B8: 1B1505915 | C8: =VLOOKUP(RIGHT(B8, 8), [1]Sheet1!$B$14:$C$27, 2, 0) -> Lý Minh Trí | D8: =VLOOKUP(RIGHT(B8, 8), '[2]Điểm thực hành các buổi'!$B$3:$F$16, 3, 0) -> 0.5 | E8: =VLOOKUP(RIGHT(B8, 8), '[2]Điểm thực hành các buổi'!$B$3:$F$16, 4, 0) -> 0.35 | F8: =VLOOKUP(RIGHT(B8, 8), '[2]Điểm thực hành các buổi'!$B$3:$F$16, 5, 0) -> 0.4 | G8: =VLOOKUP(RIGHT(B8, 8), '[3]Điểm thực hành các buổi'!$B$3:$D$16, 3, 0) -> 1 | H8: =VLOOKUP(RIGHT(B8, 8), '[4]Điểm thực hành các buổi'!$B$3:$D$16, 3, 0) -> 5.8 | I8: 5.7 | J8: 6.2 | K8: C
A9: 3 | B9: 0B1509874 | C9: =VLOOKUP(RIGHT(B9, 8), [1]Sheet1!$B$14:$C$27, 2, 0) -> Nguyễn Kiều My | D9: =VLOOKUP(RIGHT(B9, 8), '[2]Điểm thực hành các buổi'!$B$3:$F$16, 3, 0) -> 0.25 | E9: =VLOOKUP(RIGHT(B9, 8), '[2]Điểm thực hành các buổi'!$B$3:$F$16, 4, 0) -> 0.25 | F9: =VLOOKUP(RIGHT(B9, 8), '[2]Điểm thực hành các buổi'!$B$3:$F$16, 5, 0) -> 0.3 | G9: =VLOOKUP(RIGHT(B9, 8), '[3]Điểm thực hành các buổi'!$B$3:$D$16, 3, 0) -> 0.5 | H9: =VLOOKUP(RIGHT(B9, 8), '[4]Điểm thực hành các buổi'!$B$3:$D$16, 3, 0) -> 5.8 | I9: 4.8 | J9: 5.8 | K9: C
A10: 4 | B10: 0B1509929 | C10: =VLOOKUP(RIGHT(B10, 8), [1]Sheet1!$B$14:$C$27, 2, 0) -> Đặng Duy Linh | D10: =VLOOKUP(RIGHT(B10, 8), '[2]Điểm thực hành các buổi'!$B$3:$F$16, 3, 0) -> 0.4 | E10: =VLOOKUP(RIGHT(B10, 8), '[2]Điểm thực hành các buổi'!$B$3:$F$16, 4, 0) -> 0.25 | F10: =VLOOKUP(RIGHT(B10, 8), '[2]Điểm thực hành các buổi'!$B$3:$F$16, 5, 0) -> 0.35 | G10: =VLOOKUP(RIGHT(B10, 8), '[3]Điểm thực hành các buổi'!$B$3:$D$16, 3, 0) -> 1 | H10: =VLOOKUP(RIGHT(B10, 8), '[4]Điểm thực hành các buổi'!$B$3:$D$16, 3, 0) -> 4.5 | I10: 4.7 | J10: 5.7 | K10: C
A11: 5 | B11: 2B1605223 | C11: =VLOOKUP(RIGHT(B11, 8), [1]Sheet1!$B$14:$C$27, 2, 0) -> Lê Thị Trúc Linh | D11: =VLOOKUP(RIGHT(B11, 8), '[2]Điểm thực hành các buổi'!$B$3:$F$16, 3, 0) -> 0.45 | E11: =VLOOKUP(RIGHT(B11, 8), '[2]Điểm thực hành các buổi'!$B$3:$F$16, 4, 0) -> 0.4 | F11: =VLOOKUP(RIGHT(B11, 8), '[2]Điểm thực hành các buổi'!$B$3:$F$16, 5, 0) -> 0.35 | G11: =VLOOKUP(RIGHT(B11, 8), '[3]Điểm thực hành các buổi'!$B$3:$D$16, 3, 0) -> 0.75 | H11: =VLOOKUP(RIGHT(B11, 8), '[4]Điểm thực hành các buổi'!$B$3:$D$16, 3, 0) -> 5.5 | I11: 5.3 | J11: 5.6 | K11: C
A12: 6 | B12: 0B1605235 | C12: =VLOOKUP(RIGHT(B12, 8), [1]Sheet1!$B$14:$C$27, 2, 0) -> Phạm Thị Huỳnh | D12: =VLOOKUP(RIGHT(B12, 8), '[2]Điểm thực hành các buổi'!$B$3:$F$16, 3, 0) -> 0.4 | E12: =VLOOKUP(RIGHT(B12, 8), '[2]Điểm thực hành các buổi'!$B$3:$F$16, 4, 0) -> 0.45 | F12: =VLOOKUP(RIGHT(B12, 8), '[2]Điểm thực hành các buổi'!$B$3:$F$16, 5, 0) -> 0.5 | G12: =VLOOKUP(RIGHT(B12, 8), '[3]Điểm thực hành các buổi'!$B$3:$D$16, 3, 0) -> 1.2 | H12: =VLOOKUP(RIGHT(B12, 8), '[4]Điểm thực hành các buổi'!$B$3:$D$16, 3, 0) -> 7.5 | I12: 7.1 | J12: 8.1 | K12: B+
A13: 7 | B13: 0B1605249 | C13: =VLOOKUP(RIGHT(B13, 8), [1]Sheet1!$B$14:$C$27, 2, 0) -> Lê Minh Thông | D13: =VLOOKUP(RIGHT(B13, 8), '[2]Điểm thực hành các buổi'!$B$3:$F$16, 3, 0) -> 0.4 | E13: =VLOOKUP(RIGHT(B13, 8), '[2]Điểm thực hành các buổi'!$B$3:$F$16, 4, 0) -> 0.4 | F13: =VLOOKUP(RIGHT(B13, 8), '[2]Điểm thực hành các buổi'!$B$3:$F$16, 5, 0) -> 0.4 | G13: =VLOOKUP(RIGHT(B13, 8), '[3]Điểm thực hành các buổi'!$B$3:$D$16, 3, 0) -> 1 | H13: =VLOOKUP(RIGHT(B13, 8), '[4]Điểm thực hành các buổi'!$B$3:$D$16, 3, 0) -> 5.3 | I13: 5.4 | J13: 6.4 | K13: C
A14: 8 | B14: 0B1605285 | C14: =VLOOKUP(RIGHT(B14, 8), [1]Sheet1!$B$14:$C$27, 2, 0) -> Huỳnh Thị Diễm | D14: =VLOOKUP(RIGHT(B14, 8), '[2]Điểm thực hành các buổi'!$B$3:$F$16, 3, 0) -> 0.45 | E14: =VLOOKUP(RIGHT(B14, 8), '[2]Điểm thực hành các buổi'!$B$3:$F$16, 4, 0) -> 0.4 | F14: =VLOOKUP(RIGHT(B14, 8), '[2]Điểm thực hành các buổi'!$B$3:$F$16, 5, 0) -> 0.45 | G14: =VLOOKUP(RIGHT(B14, 8), '[3]Điểm thực hành các buổi'!$B$3:$D$16, 3, 0) -> 0 | H14: =VLOOKUP(RIGHT(B14, 8), '[4]Điểm thực hành các buổi'!$B$3:$D$16, 3, 0) -> 6.8 | I14: 5.4 | J14: 0 | K14: F
A15: 9 | B15: 0B1605291 | C15: =VLOOKUP(RIGHT(B15, 8), [1]Sheet1!$B$14:$C$27, 2, 0) -> Trần Thanh Nguyên | D15: =VLOOKUP(RIGHT(B15, 8), '[2]Điểm thực hành các buổi'!$B$3:$F$16, 3, 0) -> 0.45 | E15: =VLOOKUP(RIGHT(B15, 8), '[2]Điểm thực hành các buổi'!$B$3:$F$16, 4, 0) -> 0.4 | F15: =VLOOKUP(RIGHT(B15, 8), '[2]Điểm thực hành các buổi'!$B$3:$F$16, 5, 0) -> 0.4 | G15: =VLOOKUP(RIGHT(B15, 8), '[3]Điểm thực hành các buổi'!$B$3:$D$16, 3, 0) -> 0.75 | H15: =VLOOKUP(RIGHT(B15, 8), '[4]Điểm thực hành các buổi'!$B$3:$D$16, 3, 0) -> 6.3 | I15: 5.8 | J15: 6.8 | K15: C+
A16: 10 | B16: 1B1605344 | C16: =VLOOKUP(RIGHT(B16, 8), [1]Sheet1!$B$14:$C$27, 2, 0) -> Nguyễn Thị Đào | D16: =VLOOKUP(RIGHT(B16, 8), '[2]Điểm thực hành các buổi'!$B$3:$F$16, 3, 0) -> 0.3 | E16: =VLOOKUP(RIGHT(B16, 8), '[2]Điểm thực hành các buổi'!$B$3:$F$16, 4, 0) -> 0.5 | F16: =VLOOKUP(RIGHT(B16, 8), '[2]Điểm thực hành các buổi'!$B$3:$F$16, 5, 0) -> 0.45 | G16: =VLOOKUP(RIGHT(B16, 8), '[3]Điểm thực hành các buổi'!$B$3:$D$16, 3, 0) -> 0.3 | H16: =VLOOKUP(RIGHT(B16, 8), '[4]Điểm thực hành các buổi'!$B$3:$D$16, 3, 0) -> 8.3 | I16: 6.5 | J16: 7 | K16: B
A17: 11 | B17: 4B1607025 | C17: =VLOOKUP(RIGHT(B17, 8), [1]Sheet1!$B$14:$C$27, 2, 0) -> Nguyễn Chí Thanh | D17: =VLOOKUP(RIGHT(B17, 8), '[2]Điểm thực hành các buổi'!$B$3:$F$16, 3, 0) -> 0.4 | E17: =VLOOKUP(RIGHT(B17, 8), '[2]Điểm thực hành các buổi'!$B$3:$F$16, 4, 0) -> 0.45 | F17: =VLOOKUP(RIGHT(B17, 8), '[2]Điểm thực hành các buổi'!$B$3:$F$16, 5, 0) -> 0.4 | G17: =VLOOKUP(RIGHT(B17, 8), '[3]Điểm thực hành các buổi'!$B$3:$D$16, 3, 0) -> 0.3 | H17: =VLOOKUP(RIGHT(B17, 8), '[4]Điểm thực hành các buổi'!$B$3:$D$16, 3, 0) -> -3 | I17: 0 | J17: 0 | K17: F
A18: 12 | B18: 2B1609759 | C18: =VLOOKUP(RIGHT(B18, 8), [1]Sheet1!$B$14:$C$27, 2, 0) -> Nguyễn Hải Anh | D18: =VLOOKUP(RIGHT(B18, 8), '[2]Điểm thực hành các buổi'!$B$3:$F$16, 3, 0) -> 0.5 | E18: =VLOOKUP(RIGHT(B18, 8), '[2]Điểm thực hành các buổi'!$B$3:$F$16, 4, 0) -> 0.5 | F18: =VLOOKUP(RIGHT(B18, 8), '[2]Điểm thực hành các buổi'!$B$3:$F$16, 5, 0) -> 0.45 | G18: =VLOOKUP(RIGHT(B18, 8), '[3]Điểm thực hành các buổi'!$B$3:$D$16, 3, 0) -> 1.5 | H18: =VLOOKUP(RIGHT(B18, 8), '[4]Điểm thực hành các buổi'!$B$3:$D$16, 3, 0) -> 7 | I18: 7.2 | J18: 7.5 | K18: B
A19: 13 | B19: 5B1609765 | C19: =VLOOKUP(RIGHT(B19, 8), [1]Sheet1!$B$14:$C$27, 2, 0) -> Trần Nam Dương | D19: =VLOOKUP(RIGHT(B19, 8), '[2]Điểm thực hành các buổi'!$B$3:$F$16, 3, 0) -> 0.4 | E19: =VLOOKUP(RIGHT(B19, 8), '[2]Điểm thực hành các buổi'!$B$3:$F$16, 4, 0) -> 0.4 | F19: =VLOOKUP(RIGHT(B19, 8), '[2]Điểm thực hành các buổi'!$B$3:$F$16, 5, 0) -> 0.35 | G19: =VLOOKUP(RIGHT(B19, 8), '[3]Điểm thực hành các buổi'!$B$3:$D$16, 3, 0) -> 1.35 | H19: =VLOOKUP(RIGHT(B19, 8), '[4]Điểm thực hành các buổi'!$B$3:$D$16, 3, 0) -> -3 | I19: 0 | J19: 0 | K19: F
A20: 14 | B20: 0B1609773 | C20: =VLOOKUP(RIGHT(B20, 8), [1]Sheet1!$B$14:$C$27, 2, 0) -> Nguyễn Duy Khanh | D20: =VLOOKUP(RIGHT(B20, 8), '[2]Điểm thực hành các buổi'!$B$3:$F$16, 3, 0) -> 0.35 | E20: =VLOOKUP(RIGHT(B20, 8), '[2]Điểm thực hành các buổi'!$B$3:$F$16, 4, 0) -> 0.4 | F20: =VLOOKUP(RIGHT(B20, 8), '[2]Điểm thực hành các buổi'!$B$3:$F$16, 5, 0) -> 0 | G20: =VLOOKUP(RIGHT(B20, 8), '[3]Điểm thực hành các buổi'!$B$3:$D$16, 3, 0) -> 0.85 | H20: =VLOOKUP(RIGHT(B20, 8), '[4]Điểm thực hành các buổi'!$B$3:$D$16, 3, 0) -> 6.5 | I20: 5.5 | J20: 6.5 | K20: C+

Sheet Sheet Điểm thực hành các buổi
A1: Điểm thực hành các buổi
A2: STT | B2: Mã SV | C2: Họ và tên | D2: Điểm TH 1 | E2: Điểm TH 2 | F2: Điểm TH 3
A3: 1 | B3: B1505719 | C3: Nguyễn Văn Hiếu | D3: 0.45 | E3: 0.25 | F3: 0.3
A4: 2 | B4: B1505915 | C4: Lý Minh Trí | D4: 0.5 | E4: 0.35 | F4: 0.4
A5: 3 | B5: B1509874 | C5: Nguyễn Kiều My | D5: 0.25 | E5: 0.25 | F5: 0.3
A6: 4 | B6: B1509929 | C6: Đặng Duy Linh | D6: 0.4 | E6: 0.25 | F6: 0.35
A7: 5 | B7: B1605223 | C7: Lê Thị Trúc Linh | D7: 0.45 | E7: 0.4 | F7: 0.35
A8: 6 | B8: B1605235 | C8: Phạm Thị Huỳnh | D8: 0.4 | E8: 0.45 | F8: 0.5
A9: 7 | B9: B1605249 | C9: Lê Minh Thông | D9: 0.4 | E9: 0.4 | F9: 0.4
A10: 8 | B10: B1605285 | C10: Huỳnh Thị Diễm | D10: 0.45 | E10: 0.4 | F10: 0.45
A11: 9 | B11: B1605291 | C11: Trần Thanh Nguyên | D11: 0.45 | E11: 0.4 | F11: 0.4
A12: 10 | B12: B1605344 | C12: Nguyễn Thị Đào | D12: 0.3 | E12: 0.5 | F12: 0.45
A13: 11 | B13: B1607025 | C13: Nguyễn Chí Thanh | D13: 0.4 | E13: 0.45 | F13: 0.4
A14: 12 | B14: B1609759 | C14: Nguyễn Hải Anh | D14: 0.5 | E14: 0.5 | F14: 0.45
... A16: 14 | B16: B1609773 | C16: Nguyễn Duy Khanh | D16: 0.35 | E16: 0.4 | F16: 0

Sheet Sheet Điểm bài tập lớn
A1: Điểm thực hành các buổi
A2: STT | B2: Mã SV | C2: Họ và tên | D2: Điểm BT lớn
A3: 1 | B3: B1505719 | C3: Nguyễn Văn Hiếu | D3: 0.5
A4: 2 | B4: B1505915 | C4: Lý Minh Trí | D4: 1
A5: 3 | B5: B1509874 | C5: Nguyễn Kiều My | D5: 0.5
A6: 4 | B6: B1509929 | C6: Đặng Duy Linh | D6: 1
A7: 5 | B7: B1605223 | C7: Lê Thị Trúc Linh | D7: 0.75
A8: 6 | B8: B1605235 | C8: Phạm Thị Huỳnh | D8: 1.2
A9: 7 | B9: B1605249 | C9: Lê Minh Thông | D9: 1
A10: 8 | B10: B1605285 | C10: Huỳnh Thị Diễm | D10: 0
A11: 9 | B11: B1605291 | C11: Trần Thanh Nguyên | D11: 0.75
A12: 10 | B12: B1605344 | C12: Nguyễn Thị Đào | D12: 0.3
A13: 11 | B13: B1607025 | C13: Nguyễn Chí Thanh | D13: 0.3
A14: 12 | B14: B1609759 | C14: Nguyễn Hải Anh | D14: 1.5
... A16: 14 | B16: B1609773 | C16: Nguyễn Duy Khanh | D16: 0.85

Sheet Sheet Điểm lý thuyết
A1: Điểm thực hành các buổi
A2: STT | B2: Mã SV | C2: Họ và tên | D2: Điểm lý thuyết
A3: 1 | B3: B1505719 | C3: Nguyễn Phước Hiếu | D3: 4.2
A4: 2 | B4: B1505915 | C4: Lý Minh Trí | D4: 5.8
A5: 3 | B5: B1509874 | C5: Nguyễn Kiều My | D5: 5.8
A6: 4 | B6: B1509929 | C6: Đặng Duy Linh | D6: 4.5
A7: 5 | B7: B1605223 | C7: Lê Thị Trúc Linh | D7: 5.5
A8: 6 | B8: B1605235 | C8: Phạm Thị Huỳnh | D8: 7.5
A9: 7 | B9: B1605249 | C9: Lê Minh Thông | D9: 5.3
A10: 8 | B10: B1605285 | C10: Huỳnh Thị Diễm | D10: 6.8
A11: 9 | B11: B1605291 | C11: Trần Thanh Nguyên | D11: 6.3
A12: 10 | B12: B1605344 | C12: Nguyễn Thị Đào | D12: 8.3
A13: 11 | B13: B1607025 | C13: Nguyễn Chí Thanh | D13: -3
A14: 12 | B14: B1609759 | C14: Nguyễn Hải Anh | D14: 7
... A16: 14 | B16: B1609773 | C16: Nguyễn Duy Khanh | D16: 6.5

Sheet Sheet Các bảng tham chiếu & Thố
A1: Bảng quy đổi điểm | E1: Bảng điểm chuyên cần
A2: Điểm theo thang điểm 10 | B2: Điểm chữ | C2: Điểm theo thang điểm 4 | E2: Số buổi vắng | F2: Điểm CT
A3: 0 | B3: F | C3: 0 | E3: 0 | F3: 1
A4: 4 | B4: D | C4: 1 | E4: 1 | F4: 0.5
A5: 5 | B5: D+ | C5: 1.5 | E5: 2 | F5: 0.25
A6: 5.5 | B6: C | C6: 2
A7: 6.5 | B7: C+ | C7: 2.5
A8: 7 | B8: B | C8: 3
A9: 8 | B9: B+ | C9: 3.5
A10: 9 | B10: A | C10: 4
A12: Danh sách Sinh viên | E12: Bảng thống kê theo điểm chữ
A13: STT | B13: Mã SV | C13: Họ và Tên | E13: Điểm Chữ | F13: Số lượng sinh viên
A14: 1 | B14: B1509929 | C14: Đặng Duy Linh | E14: A | F14: {=COUNTIF('Sheet Tổng hợp điểm'!$K$7:$K$20, E14:E21)} -> 0
A15: 2 | B15: B1605285 | C15: Huỳnh Thị Diễm | E15: B+ | F15: 1
A16: 3 | B16: B1605291 | C16: Trần Thanh Nguyên | E16: B | F16: 2
A17: 4 | B17: B1605249 | C17: Lê Minh Thông | E17: C+ | F17: 2
A18: 5 | B18: B1605223 | C18: Lê Thị Trúc Linh | E18: C | F18: 5
A19: 6 | B19: B1505915 | C19: Lý Minh Trí | E19: D+ | F19: 1
A20: 7 | B20: B1607025 | C20: Nguyễn Chí Thanh | E20: D | F20: 0
A21: 8 | B21: B1609773 | C21: Nguyễn Duy Khanh | E21: F | F21: 3
A22: 9 | B22: B1609759 | C22: Nguyễn Hải Anh
A23: 10 | B23: B1509874 | C23: Nguyễn Kiều My | E23: Bảng thống kê SV
A24: 11 | B24: B1605344 | C24: Nguyễn Thị Đào | E24: Số sinh viên điểm BT lớn=0 hoặc điểm LT =-3 | F24: {=SUM(('Sheet Tổng hợp điểm'!$G$12:$G$20=0) + ('Sheet Tổng hợp điểm'!$H$12:$H$20=-3))} -> 3
A25: 12 | B25: B1505719 | C25: Nguyễn Văn Hiếu
A26: 13 | B26: B1605235 | C26: Phạm Thị Huỳnh
A27: 14 | B27: B1609765 | C27: Trần Nam Dương | E27: Số SV có Điểm theo thang điểm 10 >= 7 và có Điểm chữ là B+ hoặc A. | F27: =COUNTIFS('Sheet Tổng hợp điểm'!$J$7:$J$20, ">=7", 'Sheet Tổng hợp điểm'!$K$7:$K$20, "B+") + COUNTIFS('Sheet Tổng hợp điểm'!$J$7:$J$20, ">=7", 'Sheet Tổng hợp điểm'!$K$7:$K$20, "A") -> 1

Sheet Sinh viên Điểm <7
B1: ĐIỂM THI HK1-2018-2019 (CT428)
B2: Ma CB | C2: 1043 | D2: Ho va ten | F2: Nguyen Minh Trung
B3: Ma MH | C3: CT428 | D3: Ma NH | F3: 8
B4: Nam hoc | C4: 2020-2021 | D4: Hoc ky | F4: 1
A6: STT | B6: Mã SV | C6: Họ và Tên | D6: Điểm TH 1 | E6: Điểm TH 2 | F6: Điểm TH 3 | G6: Điểm BT lớn | H6: Điểm LT | I6: Điểm tổng | J6: Điểm theo thang điểm 10 | K6: Điểm chữ
A7: {=_xlfn._xlws.FILTER('Sheet Tổng hợp điểm'!A7:K20,_xlfn.ANCHORARRAY( 'Sheet Tổng hợp điểm'!J7) < 7)} -> 1 | B7: 0B1505719 | C7: Nguyễn Văn Hiếu | D7: 0.45 | E7: 0.25 | F7: 0.3 | G7: 0.5 | H7: 4.2 | I7: 4 | J7: 5 | K7: D+
A8: 2 | B8: 1B1505915 | C8: Lý Minh Trí | D8: 0.5 | E8: 0.35 | F8: 0.4 | G8: 1 | H8: 5.8 | I8: 5.7 | J8: 6.2 | K8: C
A9: 3 | B9: 0B1509874 | C9: Nguyễn Kiều My | D9: 0.25 | E9: 0.25 | F9: 0.3 | G9: 0.5 | H9: 5.8 | I9: 4.8 | J9: 5.8 | K9: C
A10: 4 | B10: 0B1509929 | C10: Đặng Duy Linh | D10: 0.4 | E10: 0.25 | F10: 0.35 | G10: 1 | H10: 4.5 | I10: 4.7 | J10: 5.7 | K10: C
A11: 5 | B11: 2B1605223 | C11: Lê Thị Trúc Linh | D11: 0.45 | E11: 0.4 | F11: 0.35 | G11: 0.75 | H11: 5.5 | I11: 5.3 | J11: 5.6 | K11: C
A12: 7 | B12: 0B1605249 | C12: Lê Minh Thông | D12: 0.4 | E12: 0.4 | F12: 0.4 | G12: 1 | H12: 5.3 | I12: 5.4 | J12: 6.4 | K12: C
A13: 8 | B13: 0B1605285 | C13: Huỳnh Thị Diễm | D13: 0.45 | E13: 0.4 | F13: 0.45 | G13: 0 | H13: 6.8 | I13: 5.4 | J13: 0 | K13: F
A14: 9 | B14: 0B1605291 | C14: Trần Thanh Nguyên | D14: 0.45 | E14: 0.4 | F14: 0.4 | G14: 0.75 | H14: 6.3 | I14: 5.8 | J14: 6.8 | K14: C+
A15: 11 | B15: 4B1607025 | C15: Nguyễn Chí Thanh | D15: 0.4 | E15: 0.45 | F15: 0.4 | G15: 0.3 | H15: -3 | I15: 0 | J15: 0 | K15: F
A16: 13 | B16: 5B1609765 | C16: Trần Nam Dương | D16: 0.4 | E16: 0.4 | F16: 0.35 | G16: 1.35 | H16: -3 | I16: 0 | J16: 0 | K16: F
A17: 14 | B17: 0B1609773 | C17: Nguyễn Duy Khanh | D17: 0.35 | E17: 0.4 | F17: 0 | G17: 0.85 | H17: 6.5 | I17: 5.5 | J17: 6.5 | K17: C+

Sheet Sinh viên Điểm >=7
B1: ĐIỂM THI HK1-2018-2019 (CT428)
B2: Ma CB | C2: 1043 | D2: Ho va ten | F2: Nguyen Minh Trung
B3: Ma MH | C3: CT428 | D3: Ma NH | F3: 8
B4: Nam hoc | C4: 2020-2021 | D4: Hoc ky | F4: 1
A6: STT | B6: Mã SV | C6: Họ và Tên | D6: Điểm TH 1 | E6: Điểm TH 2 | F6: Điểm TH 3 | G6: Điểm BT lớn | H6: Điểm LT | I6: Điểm tổng | J6: Điểm theo thang điểm 10 | K6: Điểm chữ
A7: {=_xlfn._xlws.FILTER('Sheet Tổng hợp điểm'!A7:K20,(_xlfn.ANCHORARRAY('Sheet Tổng hợp điểm'!J7)>=7)*(_xlfn.ANCHORARRAY('Sheet Tổng hợp điểm'!K7)="B+")+(_xlfn.ANCHORARRAY('Sheet Tổng hợp điểm'!K7)="A"))} -> 6 | B7: 0B1605235 | C7: Phạm Thị Huỳnh | D7: 0.4 | E7: 0.45 | F7: 0.5 | G7: 1.2 | H7: 7.5 | I7: 7.1 | J7: 8.1 | K7: B+
